address,al_qualified_perc,original_airdrop_amount,added_liquidity,reported_time
sif1smy7dry3kpug82c5l8244crhm66uatr3cgdxtr,0.71781449124619720291,278.768956289028,200.10439653384202,2021-09-07 22:58:39.902336+00:00
