address,al_qualified_perc,original_airdrop_amount,added_liquidity,reported_time
sif1qq2tdw7y7ucu5spllp8gp0knclyjsphn6c864k,0.70554351707040901540,327.997900813435,231.4167925316221,2021-09-05 15:33:02.867169+00:00
