address,al_qualified_perc,original_airdrop_amount,added_liquidity,reported_time
sif1qq2tdw7y7ucu5spllp8gp0knclyjsphn6c864k,0.70520590258402503989,327.997900813435,231.30605568880395,2021-09-05 15:58:10.559674+00:00
