address,al_qualified_perc,original_airdrop_amount,added_liquidity,reported_time
sif1jgmxhenaw4f2s9f5pqeyk9ela6nkcpqyt6t4du,0.53228736804889676977,11549.651695884497,6147.733703083836,2021-08-21 04:56:46.012855+00:00
