address,al_qualified_perc,original_airdrop_amount,added_liquidity,reported_time
sif1smy7dry3kpug82c5l8244crhm66uatr3cgdxtr,0.72013557405947689276,278.768956289028,200.7514423671604,2021-09-07 21:58:35.218093+00:00
