address,al_qualified_perc,original_airdrop_amount,added_liquidity,reported_time
sif1qq2tdw7y7ucu5spllp8gp0knclyjsphn6c864k,0.70735909121281202605,327.997900813435,232.01229703910144,2021-09-05 15:07:39.193581+00:00
