address,al_qualified_perc,original_airdrop_amount,added_liquidity,reported_time
sif1smy7dry3kpug82c5l8244crhm66uatr3cgdxtr,0.71951331302397221075,278.768956289028,200.57797530775343,2021-09-07 21:48:30.467228+00:00
