address,al_qualified_perc,original_airdrop_amount,added_liquidity,reported_time
sif1smy7dry3kpug82c5l8244crhm66uatr3cgdxtr,0.72443286937670723504,278.768956289028,201.94939489761043,2021-09-07 22:08:36.538360+00:00
