address,al_qualified_perc,original_airdrop_amount,added_liquidity,reported_time
sif1qq2tdw7y7ucu5spllp8gp0knclyjsphn6c864k,0.70557665137376677287,327.997900813435,231.42766051356836,2021-09-05 15:38:04.763125+00:00
