address,al_qualified_perc,original_airdrop_amount,added_liquidity,reported_time
sif1smy7dry3kpug82c5l8244crhm66uatr3cgdxtr,0.72269925062077942062,278.768956289028,201.46611580641735,2021-09-07 22:28:40.538508+00:00
