address,al_qualified_perc,original_airdrop_amount,added_liquidity,reported_time
sif1smy7dry3kpug82c5l8244crhm66uatr3cgdxtr,0.71848284665001529008,278.768956289028,200.29071327219452,2021-09-07 21:18:40.793654+00:00
