address,al_qualified_perc,original_airdrop_amount,added_liquidity,reported_time
sif1qq2tdw7y7ucu5spllp8gp0knclyjsphn6c864k,0.70613318117395652768,327.997900813435,231.61020111977072,2021-09-05 15:12:44.497044+00:00
