address,al_qualified_perc,original_airdrop_amount,added_liquidity,reported_time
sif1qq2tdw7y7ucu5spllp8gp0knclyjsphn6c864k,0.70553087804716960144,327.997900813435,231.41264695853124,2021-09-05 15:28:01.682582+00:00
