address,al_qualified_perc,original_airdrop_amount,added_liquidity,reported_time
sif1qq2tdw7y7ucu5spllp8gp0knclyjsphn6c864k,0.70556875814910070221,327.997900813435,231.42507155244724,2021-09-05 15:22:54.937852+00:00
