address,al_qualified_perc,original_airdrop_amount,added_liquidity,reported_time
sif1smy7dry3kpug82c5l8244crhm66uatr3cgdxtr,0.72152940669065747279,278.768956289028,201.1399996349962,2021-09-07 22:33:37.681190+00:00
