address,al_qualified_perc,original_airdrop_amount,added_liquidity,reported_time
sif1smy7dry3kpug82c5l8244crhm66uatr3cgdxtr,0.72048627784240398736,278.768956289028,200.8492076946936,2021-09-07 22:03:37.094734+00:00
