address,al_qualified_perc,original_airdrop_amount,added_liquidity,reported_time
sif1smy7dry3kpug82c5l8244crhm66uatr3cgdxtr,0.71923061492623322745,278.768956289028,200.49916785410184,2021-09-07 21:43:38.384203+00:00
