address,al_qualified_perc,original_airdrop_amount,added_liquidity,reported_time
sif1qq2tdw7y7ucu5spllp8gp0knclyjsphn6c864k,0.70547851561593864976,327.997900813435,231.395472191006,2021-09-05 15:48:08.493541+00:00
