address,al_qualified_perc,original_airdrop_amount,added_liquidity,reported_time
sif1qq2tdw7y7ucu5spllp8gp0knclyjsphn6c864k,0.70507157306383993606,327.997900813435,231.26199588816596,2021-09-05 16:03:10.853747+00:00
