address,al_qualified_perc,original_airdrop_amount,added_liquidity,reported_time
sif1smy7dry3kpug82c5l8244crhm66uatr3cgdxtr,0.72391196873131641495,278.768956289028,201.80418396836455,2021-09-07 22:18:32.799781+00:00
