address,al_qualified_perc,original_airdrop_amount,added_liquidity,reported_time
sif1smy7dry3kpug82c5l8244crhm66uatr3cgdxtr,0.71856005469435586835,278.768956289028,200.31223647813246,2021-09-07 21:33:34.956549+00:00
