address,al_qualified_perc,original_airdrop_amount,added_liquidity,reported_time
sif1qq2tdw7y7ucu5spllp8gp0knclyjsphn6c864k,0.70533201742617626639,327.997900813435,231.34742109229097,2021-09-05 15:53:12.176528+00:00
