address,al_qualified_perc,original_airdrop_amount,added_liquidity,reported_time
sif1smy7dry3kpug82c5l8244crhm66uatr3cgdxtr,0.71717876069775989387,278.768956289028,199.9271745923731,2021-09-09 23:44:04.028188+00:00
