address,al_qualified_perc,original_airdrop_amount,added_liquidity,reported_time
sif1hh08xcfrc0mv6utpnr68zkz8ldsfvespkk50xk,0.50711091764162322117,11221.653795071064,5690.623153475091,2021-09-05 03:11:52.313284+00:00
