address,al_qualified_perc,original_airdrop_amount,added_liquidity,reported_time
sif1qq2tdw7y7ucu5spllp8gp0knclyjsphn6c864k,0.70506816810605980915,327.997900813435,231.26087906916172,2021-09-05 16:12:41.467547+00:00
