address,al_qualified_perc,original_airdrop_amount,added_liquidity,reported_time
sif1qq2tdw7y7ucu5spllp8gp0knclyjsphn6c864k,0.70562210446063442314,327.997900813435,231.44256903064644,2021-09-05 15:43:10.245044+00:00
