address,al_qualified_perc,original_airdrop_amount,added_liquidity,reported_time
sif1smy7dry3kpug82c5l8244crhm66uatr3cgdxtr,0.72449907364978581669,278.768956289028,201.96785059371842,2021-09-07 22:13:38.512703+00:00
