address,al_qualified_perc,original_airdrop_amount,added_liquidity,reported_time
sif1smy7dry3kpug82c5l8244crhm66uatr3cgdxtr,0.71808181022693936750,278.768956289028,200.17891676709976,2021-09-07 21:28:36.342922+00:00
