address,al_qualified_perc,original_airdrop_amount,added_liquidity,reported_time
sif1smy7dry3kpug82c5l8244crhm66uatr3cgdxtr,0.71979611079751089533,278.768956289028,200.65681054792367,2021-09-07 21:53:40.115109+00:00
