address,al_qualified_perc,original_airdrop_amount,added_liquidity,reported_time
sif1smy7dry3kpug82c5l8244crhm66uatr3cgdxtr,0.71720594473475870177,278.768956289028,199.93475265799498,2021-09-07 23:03:38.099525+00:00
