address,al_qualified_perc,original_airdrop_amount,added_liquidity,reported_time
sif1smy7dry3kpug82c5l8244crhm66uatr3cgdxtr,0.72359908188940265128,278.768956289028,201.71696083000768,2021-09-07 22:23:41.129535+00:00
