address,al_qualified_perc,original_airdrop_amount,added_liquidity,reported_time
sif1smy7dry3kpug82c5l8244crhm66uatr3cgdxtr,0.72063417198957529022,278.768956289028,200.8904359917418,2021-09-07 22:38:41.451059+00:00
