address,al_qualified_perc,original_airdrop_amount,added_liquidity,reported_time
sif1qq2tdw7y7ucu5spllp8gp0knclyjsphn6c864k,0.70800924441591836493,327.997900813435,232.22554592492745,2021-09-05 15:02:48.217295+00:00
