address,al_qualified_perc,original_airdrop_amount,added_liquidity,reported_time
sif1smy7dry3kpug82c5l8244crhm66uatr3cgdxtr,0.71924331690401876241,278.768956289028,200.50270877119192,2021-09-07 22:48:38.012597+00:00
