address,al_qualified_perc,original_airdrop_amount,added_liquidity,reported_time
sif1smy7dry3kpug82c5l8244crhm66uatr3cgdxtr,0.71899531358459599248,278.768956289028,200.43357314468022,2021-09-07 21:38:37.487021+00:00
