address,al_qualified_perc,original_airdrop_amount,added_liquidity,reported_time
sif1smy7dry3kpug82c5l8244crhm66uatr3cgdxtr,0.71871796128967059404,278.768956289028,200.3562559348995,2021-09-07 22:53:39.796796+00:00
