address,al_qualified_perc,original_airdrop_amount,added_liquidity,reported_time
sif1qq2tdw7y7ucu5spllp8gp0knclyjsphn6c864k,0.70572204010451247495,327.997900813435,231.47534771205488,2021-09-05 15:17:49.508466+00:00
