address,al_qualified_perc,original_airdrop_amount,added_liquidity,reported_time
sif1smy7dry3kpug82c5l8244crhm66uatr3cgdxtr,0.71989123473412084740,278.768956289028,200.68332814845053,2021-09-07 22:43:39.478175+00:00
